Idea_ID,Idea_Name,Status
idea001,RGB-D Modality Fusion Strategy,Done
idea002,Kinematic Attention Masking,Done
idea003,Curriculum-Based Loss Weighting,Done
idea004,Layer-Wise Learning Rate Decay & Progressive Unfreezing,Done
idea005,Depth-Aware Positional Embeddings,Done
idea006,Training Data Augmentation for Generalization,Done
idea007,Depth-Bucket Positional Embeddings with Layer-Wise Fine-Tuning,Done
idea008,Continuous Depth Positional Encoding,Done
idea009,Head Architecture Refinement,Done
idea010,Multi-Scale Backbone Feature Aggregation,Done
idea011,LLRD with Continuous Depth PE,Done
idea012,Regularization for Generalization,Done
idea013,Joint Prediction Loss Reformulation,Done
idea014,Best-of-Breed Combination: LLRD + Depth PE + Wide Head,Done
idea015,Iterative Refinement Decoder,Designed
idea016,2.5D Heatmap Soft-Argmax,Designed
idea017,Temporal Adjacent-Frame Fusion,Designed
